,equity
479,10000.0
480,10000.0
481,10000.0
482,10000.0
483,10000.0
484,10000.0
485,10000.0
486,10000.0
487,10000.0
488,10000.0
489,10000.0
490,10000.0
491,10000.0
492,10000.0
493,10000.0
494,10000.0
495,10000.0
496,10000.0
497,10000.0
498,10000.0
499,10000.0
500,10000.0
501,10000.0
502,10000.0
503,10000.0
504,10000.0
505,10000.0
506,10000.0
507,10000.0
508,10000.0
509,10000.0
510,10000.0
511,10000.0
512,10000.0
513,9995.002498750626
514,10540.896053956158
515,11112.450462644952
516,10755.044096719224
517,10616.771130421776
518,10708.983778118036
519,11043.22163320028
520,12324.788109457983
521,12384.78701037063
522,12816.406219398
523,12592.84221229354
524,13225.964401538366
525,13071.260510298911
526,14870.937402454709
527,16985.467486433296
528,17702.864571409184
529,16391.113280489913
530,14964.535580429163
531,14186.586188359832
532,13060.091645317132
533,14753.709317959096
534,13910.315615633242
535,13987.390858171802
536,14127.695443017014
537,14552.11499885188
538,14059.666779645288
539,15048.07170576496
540,14969.8883076658
541,14523.500407060395
542,14791.739874091973
543,14854.783852211838
544,15220.405344801893
545,15377.786271273018
546,15650.362992069413
547,18316.140701716875
548,18216.081640935954
549,19417.06573016608
550,19270.116241517397
551,19381.528188267872
552,19296.883907353014
553,20250.02933788696
554,17287.02818422342
555,16412.80492217467
556,17148.663207432088
557,18548.74994475223
558,19372.297588122492
559,18804.619709124963
560,19711.15007166869
561,18346.32417315174
562,17842.337703770347
563,17598.37423154796
564,17602.066740242226
565,17654.433503055883
566,17654.433503055883
567,17654.433503055883
568,17654.433503055883
569,17654.433503055883
570,17654.433503055883
571,17654.433503055883
572,17654.433503055883
573,17645.61069770703
574,16719.799604441323
575,16186.188965815498
576,15521.70530413724
577,14272.90221357978
578,14272.90221357978
579,14272.90221357978
580,14272.90221357978
581,14272.90221357978
582,14272.90221357978
583,14272.90221357978
584,14272.90221357978
585,14272.90221357978
586,14272.90221357978
587,14272.90221357978
588,14272.90221357978
589,14265.769328915323
590,13966.569397078041
591,13877.536212287461
592,13944.386567672696
593,13251.728132575567
594,13051.763832289738
595,13051.763832289738
596,13051.763832289738
597,13051.763832289738
598,13051.763832289738
599,13051.763832289738
600,13051.763832289738
601,13051.763832289738
602,13051.763832289738
603,13051.763832289738
604,13051.763832289738
605,13051.763832289738
606,13051.763832289738
607,13051.763832289738
608,13051.763832289738
609,13051.763832289738
610,13051.763832289738
611,13051.763832289738
612,13051.763832289738
613,13051.763832289738
614,13051.763832289738
615,13051.763832289738
616,13051.763832289738
617,13051.763832289738
618,13051.763832289738
619,13051.763832289738
620,13051.763832289738
621,13051.763832289738
622,13051.763832289738
623,13051.763832289738
624,13051.763832289738
625,13051.763832289738
626,13051.763832289738
627,13051.763832289738
628,13051.763832289738
629,13051.763832289738
630,13051.763832289738
631,13051.763832289738
632,13051.763832289738
633,13045.241211683897
634,13274.414056756445
635,12908.426937290897
636,12761.980703283962
637,12761.980703283962
638,12761.980703283962
639,12761.980703283962
640,12761.980703283962
641,12761.980703283962
642,12761.980703283962
643,12761.980703283962
644,12761.980703283962
645,12761.980703283962
646,12761.980703283962
647,12761.980703283962
648,12761.980703283962
649,12761.980703283962
650,12761.980703283962
651,12761.980703283962
652,12761.980703283962
653,12761.980703283962
654,12761.980703283962
655,12761.980703283962
656,12761.980703283962
657,12761.980703283962
658,12761.980703283962
659,12761.980703283962
660,12761.980703283962
661,12761.980703283962
662,12761.980703283962
663,12761.980703283962
664,12761.980703283962
665,12761.980703283962
666,12761.980703283962
667,12761.980703283962
668,12761.980703283962
669,12761.980703283962
670,12755.602901833046
671,12514.424635253976
672,12514.424635253976
673,12514.424635253976
674,12514.424635253976
675,12514.424635253976
676,12514.424635253976
677,12514.424635253976
678,12514.424635253976
679,12514.424635253976
680,12514.424635253976
681,12514.424635253976
682,12508.170549978988
683,13356.99313529324
684,12138.07677528651
685,12511.623494180078
686,13042.23794509067
687,13799.688927079253
688,13204.263486535481
689,12948.297248202569
690,12522.956366266113
691,12800.437796858667
692,12044.933605433813
693,11939.041598684124
694,10901.010555207306
695,11053.168664395002
696,11053.168664395002
697,11053.168664395002
698,11053.168664395002
699,11053.168664395002
700,11053.168664395002
701,11053.168664395002
702,11053.168664395002
703,11053.168664395002
704,11053.168664395002
705,11053.168664395002
706,11053.168664395002
707,11053.168664395002
708,11053.168664395002
709,11053.168664395002
710,11053.168664395002
711,11047.644841974015
712,10801.227726528228
713,10827.07483843255
714,10675.068858618843
715,10570.880378072123
716,10570.880378072123
717,10570.880378072123
718,10570.880378072123
719,10570.880378072123
720,10570.880378072123
721,10570.880378072123
722,10565.597579282483
723,11050.04486943496
724,10800.523051523358
725,11635.960486733928
726,11003.15241433172
727,11133.968208328319
728,11261.213998268378
729,11645.044791348377
730,11651.332969364152
731,12034.775129094818
732,12044.946251394189
733,11854.349835782677
734,11126.515259995947
735,11079.856662756682
736,11042.281240377166
737,11406.780913421066
738,11439.853159805312
739,11418.115676282334
740,10782.9400319869
741,10782.9400319869
742,10782.9400319869
743,10782.9400319869
744,10782.9400319869
745,10777.551256358722
746,11019.287811822205
747,10758.85123796411
748,10403.132332115047
749,10252.251589424643
750,9780.870884076649
751,9780.870884076649
752,9780.870884076649
753,9780.870884076649
754,9775.982892630334
755,9068.199355761186
756,9280.458463342851
757,9773.917116334314
758,9628.532670273897
759,9505.929519735875
760,8108.630048002506
761,8428.758123085941
762,8272.500462320275
763,8219.27210853356
764,8048.331047136829
765,8048.331047136829
766,8048.331047136829
767,8044.308892690484
768,8239.576046759206
769,9236.759795012555
770,10122.96931983375
771,17034.402403976783
772,21758.448166634516
773,16454.098896714466
774,15128.202567416836
775,12335.075869719365
776,13245.66995876088
777,12920.639379425029
778,12540.574980912777
779,12674.737048433093
780,13722.697910187897
781,14606.708113880106
782,14636.974000937842
783,13629.320343064084
784,13717.29457963751
785,13955.642266915991
786,14252.033663652162
787,13855.570024730516
788,14376.681806126127
789,14097.86116505707
790,14097.86116505707
791,14097.86116505707
792,14090.815757178481
793,13456.553081226924
794,13424.805211108946
795,14343.147688226782
796,14057.44860575353
797,14057.44860575353
798,14057.44860575353
799,14057.44860575353
800,14057.44860575353
801,14057.44860575353
802,14057.44860575353
803,14057.44860575353
804,14057.44860575353
805,14057.44860575353
806,14057.44860575353
807,14057.44860575353
808,14057.44860575353
809,14057.44860575353
810,14057.44860575353
811,14057.44860575353
812,14057.44860575353
813,14057.44860575353
814,14057.44860575353
815,14057.44860575353
816,14057.44860575353
817,14057.44860575353
818,14057.44860575353
819,14057.44860575353
820,14057.44860575353
821,14057.44860575353
822,14057.44860575353
823,14057.44860575353
824,14057.44860575353
825,14057.44860575353
826,14057.44860575353
827,14057.44860575353
828,14057.44860575353
829,14057.44860575353
830,14057.44860575353
831,14057.44860575353
832,14057.44860575353
833,14057.44860575353
834,14057.44860575353
835,14050.423394056503
836,13989.519873911247
837,13465.236725209083
838,13566.861750299753
839,13285.530174390757
840,13190.511872832263
841,12837.94672447334
842,12995.415571808104
843,12995.415571808104
844,12995.415571808104
845,12995.415571808104
846,12995.415571808104
847,12995.415571808104
848,12995.415571808104
849,12995.415571808104
850,12988.921111252479
851,13126.40053333365
852,12989.937013550938
853,12781.346072955057
854,12674.850439145823
855,12507.514822851817
856,12763.343167272391
857,12779.484269791094
858,12624.05696663982
859,12618.582427646465
860,12792.690178431534
861,12832.082878312976
862,12981.358100508478
863,12625.129536086362
864,12841.16933187361
865,12769.720274273686
866,12728.295769795322
867,12754.08440822194
868,12754.08440822194
869,12747.710552945467
870,12612.162268025893
871,12378.225857320886
872,12378.225857320886
873,12378.225857320886
874,12378.225857320886
875,12378.225857320886
876,12378.225857320886
877,12378.225857320886
878,12378.225857320886
879,12372.039837402184
880,12137.912222916466
881,12110.90196005064
882,12011.250957194045
883,11857.787786956349
884,11956.600013920917
885,11807.962667133717
886,11950.830853792211
887,11869.629915046084
888,11869.629915046084
889,11869.629915046084
890,11869.629915046084
891,11869.629915046084
892,11869.629915046084
893,11869.629915046084
894,11863.698066013078
895,11919.410250284494
896,11944.911464448953
897,11587.341835367679
898,11702.473496321516
899,11546.208751661372
900,11921.314566467045
901,11851.373232536258
902,11854.429470448751
903,11800.220616945278
904,12001.425619544569
905,12307.090967650893
906,13291.424127906605
907,13049.18665249148
908,12662.6571277914
909,13537.820186592571
910,14921.808946785755
911,16018.517175548332
912,15661.648906410803
913,16766.974676234182
914,16090.763082007637
915,16251.036222671548
916,16937.76967414646
917,16194.2712694284
918,15393.359044154551
919,13313.368965985752
939,10000.0
940,10000.0
941,10000.0
942,10000.0
943,10000.0
944,10000.0
945,10000.0
946,10000.0
947,10000.0
948,10000.0
949,10000.0
950,10000.0
951,10000.0
952,10000.0
953,10000.0
954,10000.0
955,10000.0
956,10000.0
957,10000.0
958,10000.0
959,10000.0
960,10000.0
961,10000.0
962,10000.0
963,10000.0
964,10000.0
965,10000.0
966,10000.0
967,9995.002498750626
968,10086.235884437634
969,9929.334630607287
970,10103.688078143388
971,10089.447639050899
972,10344.639160809635
973,10072.840352646612
974,10920.057929309041
975,10436.338044914659
976,10443.90162556961
977,9832.860851883115
978,10064.769458657702
979,9785.279165384998
980,9672.852996579239
981,9672.852996579239
982,9672.852996579239
983,9672.852996579239
984,9672.852996579239
985,9672.852996579239
986,9672.852996579239
987,9672.852996579239
988,9672.852996579239
989,9672.852996579239
990,9672.852996579239
991,9672.852996579239
992,9672.852996579239
993,9668.018987085696
994,9702.887579323167
995,9890.61905677153
996,9939.902924964228
997,9363.402451833934
998,9461.723957136508
999,9340.85497605449
1000,9288.19767659773
1001,9288.19767659773
1002,9288.19767659773
1003,9288.19767659773
1004,9288.19767659773
1005,9288.19767659773
1006,9283.555898648407
1007,9425.792028817747
1008,9248.409741872527
1009,9117.48326471235
1010,9084.025184077642
1011,8929.86041069845
1012,8929.86041069845
1013,8929.86041069845
1014,8929.86041069845
1015,8929.86041069845
1016,8929.86041069845
1017,8929.86041069845
1018,8929.86041069845
1019,8929.86041069845
1020,8929.86041069845
1021,8925.397711842528
1022,9056.221905968401
1023,8884.192961438102
1024,9029.609656116198
1025,9029.609656116198
1026,9029.609656116198
1027,9029.609656116198
1028,9029.609656116198
1029,9029.609656116198
1030,9029.609656116198
1031,9029.609656116198
1032,9029.609656116198
1033,9029.609656116198
1034,9029.609656116198
1035,9029.609656116198
1036,9029.609656116198
1037,9029.609656116198
1038,9029.609656116198
1039,9029.609656116198
1040,9029.609656116198
1041,9029.609656116198
1042,9029.609656116198
1043,9029.609656116198
1044,9029.609656116198
1045,9029.609656116198
1046,9029.609656116198
1047,9029.609656116198
1048,9029.609656116198
1049,9029.609656116198
1050,9029.609656116198
1051,9029.609656116198
1052,9025.097107562417
1053,8905.08279289381
1054,8993.700366833034
1055,8989.205763951059
1056,8952.438858842614
1057,9667.552985457492
1058,9276.464499978158
1059,9272.096568578649
1060,9229.262470790241
1061,9173.44465129671
1062,8908.795448873478
1063,9119.729866288908
1064,9026.70075572713
1065,8970.842323479072
1066,8936.359669913118
1067,8936.359669913118
1068,8936.359669913118
1069,8936.359669913118
1070,8936.359669913118
1071,8936.359669913118
1072,8936.359669913118
1073,8936.359669913118
1074,8936.359669913118
1075,8936.359669913118
1076,8936.359669913118
1077,8936.359669913118
1078,8936.359669913118
1079,8936.359669913118
1080,8936.359669913118
1081,8936.359669913118
1082,8936.359669913118
1083,8936.359669913118
1084,8936.359669913118
1085,8936.359669913118
1086,8936.359669913118
1087,8936.359669913118
1088,8936.359669913118
1089,8936.359669913118
1090,8936.359669913118
1091,8936.359669913118
1092,8931.893723051593
1093,8665.726071355895
1094,8730.739894107906
1095,8651.170964947916
1096,8720.567643438451
1097,8793.1811075097
1098,8775.731011093118
1099,8767.328051002081
1100,8814.208985638208
1101,9127.096674185988
1102,9056.091602905097
1103,9508.214971070513
1104,9403.838528480179
1105,9246.02763809803
1106,9369.582511881525
1107,9136.062483990105
1108,8978.291964323524
1109,9186.52178542443
1110,9149.53167660122
1111,8984.805691849917
1112,9160.387889142525
1113,9099.957020460124
1114,9131.036622189615
1115,9494.263085099223
1116,9193.95994387335
1117,8826.391581031075
1118,8870.48323374785
1119,8870.48323374785
1120,8870.48323374785
1121,8870.48323374785
1122,8870.48323374785
1123,8870.48323374785
1124,8870.48323374785
1125,8870.48323374785
1126,8870.48323374785
1127,8870.48323374785
1128,8870.48323374785
1129,8870.48323374785
1130,8870.48323374785
1131,8870.48323374785
1132,8870.48323374785
1133,8870.48323374785
1134,8870.48323374785
1135,8870.48323374785
1136,8870.48323374785
1137,8870.48323374785
1138,8870.48323374785
1139,8870.48323374785
1140,8870.48323374785
1141,8870.48323374785
1142,8870.48323374785
1143,8870.48323374785
1144,8866.050208643528
1145,8936.800938281829
1146,8865.882379343862
1147,8845.374249277145
1148,8975.887466621369
1149,8725.34578596211
1150,8834.386617632488
1151,8571.80821964003
1152,8705.257534288416
1153,8792.997731596159
1154,8792.997731596159
1155,8792.997731596159
1156,8792.997731596159
1157,8792.997731596159
1158,8792.997731596159
1159,8792.997731596159
1160,8792.997731596159
1161,8792.997731596159
1162,8792.997731596159
1163,8792.997731596159
1164,8792.997731596159
1165,8792.997731596159
1166,8792.997731596159
1167,8792.997731596159
1168,8792.997731596159
1169,8792.997731596159
1170,8792.997731596159
1171,8792.997731596159
1172,8792.997731596159
1173,8788.60342988122
1174,8525.420624319648
1175,8521.1600442975
1176,8672.622245471903
1177,8624.711469441965
1178,8596.14703180948
1179,8718.50701274181
1180,8429.927089275447
1181,8734.42212965177
1182,9481.606099461467
1183,10209.856993350888
1184,9835.169892963979
1185,10040.908435697229
1186,9711.734346812469
1187,9227.542916679316
1188,9034.866957149905
1189,9717.563332823614
1190,9768.409054436748
1191,10155.911502396286
1192,10062.983389214312
1193,10008.871871409607
1194,10933.353864906563
1195,12300.070018650287
1196,11248.638845641395
1197,10508.606662689099
1198,11290.885459414327
1199,11249.548384014603
1200,12555.08364497329
1201,13563.81223193082
1202,13855.493729380527
1203,20227.86395058081
1204,17655.486105454205
1205,17859.405571436902
1206,18252.860322448167
1207,18595.303926537974
1208,16468.424233207836
1209,17860.76987900085
1210,15732.567986366235
1211,16519.18754294803
1212,16131.313940774922
1213,17119.332483321097
1214,17548.66828257639
1215,17626.38328366622
1216,17289.354801560326
1217,18747.139086571962
1218,18980.821872451037
1219,18987.31255965827
1220,18502.582745369615
1221,18313.007758269363
1222,18663.676909802143
1223,19165.850370768803
1224,21572.257915176244
1225,21284.504516660105
1226,21795.152565338685
1227,22477.76592758941
1228,26122.988799591825
1229,28027.01595101899
1230,30330.614378713242
1231,30851.142227827077
1232,28366.605818310847
1233,25235.21437929325
1234,28039.87220375513
1235,30768.7568193724
1236,34710.41220342456
1237,48340.61712739861
1238,53926.612019914595
1239,62858.095984949665
1240,51209.05572881134
1241,51214.84501274667
1242,50111.53165342709
1243,48916.03730172827
1244,48925.132685472774
1245,52656.71357930657
1246,46629.63588662673
1247,43796.33241574712
1248,54501.20927856953
1249,62352.946071686245
1250,62733.25342143295
1251,78533.45087953612
1252,126562.79413855645
1253,140759.8989316174
1254,147246.64961884645
1255,151258.0892143535
1256,123764.20712181543
1257,100185.44980456222
1258,105045.55126409071
1259,106618.87940614884
1260,112946.88917902172
1261,108441.46918647438
1262,109835.38246255709
1263,118500.64598916209
1264,125095.29006449226
1265,134396.33535181684
1266,131408.84347082273
1267,160094.49032648862
1268,154639.1176566859
1269,136478.5237462195
1270,147762.55518431403
1271,142720.96953870292
1272,136949.3662570001
1273,148868.34210302515
1274,134467.43334092104
1275,136950.60784906524
1276,127801.6912764867
1277,125781.50548744375
1278,130676.27572012646
1279,130676.27572012646
1280,130676.27572012646
1281,130676.27572012646
1282,130676.27572012646
1283,130676.27572012646
1284,130676.27572012646
1285,130676.27572012646
1286,130676.27572012646
1287,130676.27572012646
1288,130676.27572012646
1289,130676.27572012646
1290,130676.27572012646
1291,130676.27572012646
1292,130676.27572012646
1293,130676.27572012646
1294,130676.27572012646
1295,130676.27572012646
1296,130676.27572012646
1297,130676.27572012646
1298,130676.27572012646
1299,130676.27572012646
1300,130676.27572012646
1301,130676.27572012646
1302,130676.27572012646
1303,130676.27572012646
1304,130676.27572012646
1305,130676.27572012646
1306,130676.27572012646
1307,130676.27572012646
1308,130676.27572012646
1309,130676.27572012646
1310,130676.27572012646
1311,130676.27572012646
1312,130676.27572012646
1313,130676.27572012646
1314,130676.27572012646
1315,130676.27572012646
1316,130610.97023500896
1317,116998.38422338
1318,119423.61780125415
1319,122446.58452075366
1320,117560.48763106091
1321,116663.89175886409
1322,113410.6796925035
1323,113314.40896552401
1324,113314.40896552401
1325,113314.40896552401
1326,113314.40896552401
1327,113314.40896552401
1328,113257.78007548627
1329,103601.64613211979
1330,105754.14237381266
1331,106409.6025630813
1332,105093.25612684817
1333,102866.96171050622
1334,102016.16344428495
1335,100685.70546802443
1336,98067.10518545123
1337,95583.0088192794
1338,95583.0088192794
1339,95583.0088192794
1340,95583.0088192794
1341,95583.0088192794
1342,95583.0088192794
1343,95583.0088192794
1344,95583.0088192794
1345,95583.0088192794
1346,95583.0088192794
1347,95583.0088192794
1348,95583.0088192794
1349,95583.0088192794
1350,95583.0088192794
1351,95535.24119868007
1352,97746.28855443241
1353,110223.54464165193
1354,108040.2486721301
1355,133163.8779039956
1356,116544.63142206777
1357,112701.09185691971
1358,93515.82042579657
1359,99873.5636605939
1360,105685.73890086755
1361,100918.61394103951
1362,83512.0272879142
1363,83512.0272879142
1364,83512.0272879142
1365,83512.0272879142
1366,83512.0272879142
1367,83512.0272879142
1368,83512.0272879142
1369,83512.0272879142
1370,83512.0272879142
1371,83512.0272879142
1372,83512.0272879142
1373,83512.0272879142
1374,83512.0272879142
1375,83512.0272879142
1376,83512.0272879142
1377,83512.0272879142
1378,83512.0272879142
1379,83512.0272879142
1399,9995.002498750626
1400,10517.77450733014
1401,9643.627562169677
1402,9463.557136940892
1403,9609.022502589392
1404,9488.584273343316
1405,9091.821922276074
1406,9091.821922276074
1407,9091.821922276074
1408,9091.821922276074
1409,9091.821922276074
1410,9091.821922276074
1411,9091.821922276074
1412,9087.278283134508
1413,10278.758898389417
1414,10082.237106949548
1415,9850.056962608087
1416,9967.724427306324
1417,10087.844933730295
1418,9820.442986116226
1419,10415.087839766278
1420,10359.45224144301
1421,10107.295871655451
1422,10315.556564225724
1423,10704.743618720298
1424,12397.82077807633
1425,10186.50005008527
1426,10523.117553418753
1427,9094.550710371788
1428,10611.25875954151
1429,10376.274701809674
1430,11729.316419027198
1431,12181.060627417683
1432,11505.634712797657
1433,12028.609949027854
1434,12057.961791747033
1435,12209.710726807583
1436,12170.546717185463
1437,15972.260583888148
1438,16566.64228378994
1439,16718.216802994186
1440,18151.16444197168
1441,17754.442826468017
1442,17417.824303158955
1443,20699.45354496174
1444,18227.827860760255
1445,18216.524489282383
1446,18820.10739060183
1447,18825.188909885183
1448,19477.396096088592
1449,21583.666459649434
1450,21724.113043208563
1451,23328.349293063722
1452,23832.574314723337
1453,24348.979887021982
1454,22927.859887067727
1455,22312.800218389682
1456,24511.680301920187
1457,28947.202011919468
1458,30322.062030822657
1459,32496.760528809293
1460,32960.243638331056
1461,51984.66849517894
1462,52427.30126002019
1463,56360.08711298362
1464,49642.53893467539
1465,58363.32360421188
1466,65050.558102650124
1467,53039.90686699604
1468,63601.7518804088
1469,75195.00455175855
1470,78247.25348270706
1471,82458.570238907
1472,77732.77770456437
1473,74348.19618849014
1474,82278.60571413352
1475,68869.53097934846
1476,78604.80802866186
1477,78053.53968456163
1478,80124.93911651452
1479,81654.69877563094
1480,84495.62504674845
1481,106602.35140061771
1482,130221.66918145178
1483,149714.31187534332
1484,131817.14791934993
1485,117580.54644324235
1486,114794.38063123898
1487,100488.55951950965
1488,114391.35148557647
1489,114104.8443718231
1490,102374.03776819567
1491,86362.53157662337
1492,59742.63994417172
1493,59742.63994417172
1494,59742.63994417172
1495,59742.63994417172
1496,59742.63994417172
1497,59742.63994417172
1498,59742.63994417172
1499,59742.63994417172
1500,59742.63994417172
1501,59742.63994417172
1502,59742.63994417172
1503,59742.63994417172
1504,59742.63994417172
1505,59742.63994417172
1506,59742.63994417172
1507,59742.63994417172
1508,59742.63994417172
1509,59742.63994417172
1510,59742.63994417172
1511,59742.63994417172
1512,59742.63994417172
1513,59742.63994417172
1514,59742.63994417172
1515,59742.63994417172
1516,59742.63994417172
1517,59742.63994417172
1518,59742.63994417172
1519,59742.63994417172
1520,59742.63994417172
1521,59712.78355239553
1522,65186.94078883454
1523,62404.43482557656
1524,62544.08605716908
1525,56999.479356168194
1526,59414.319429778654
1527,62943.5103935724
1528,58387.53872789217
1529,55529.17523362274
1530,58981.53364449347
1531,56110.48247102626
1532,54496.362616520164
1533,56240.284328732516
1534,55816.10435125124
1535,53368.70818033203
1536,53368.70818033203
1537,53368.70818033203
1538,53368.70818033203
1539,53368.70818033203
1540,53368.70818033203
1541,53368.70818033203
1542,53368.70818033203
1543,53368.70818033203
1544,53368.70818033203
1545,53368.70818033203
1546,53368.70818033203
1547,53368.70818033203
1548,53368.70818033203
1549,53368.70818033203
1550,53368.70818033203
1551,53368.70818033203
1552,53368.70818033203
1553,53368.70818033203
1554,53368.70818033203
1555,53368.70818033203
1556,53368.70818033203
1557,53368.70818033203
1558,53368.70818033203
1559,53368.70818033203
1560,53368.70818033203
1561,53368.70818033203
1562,53368.70818033203
1563,53368.70818033203
1564,53368.70818033203
1565,53368.70818033203
1566,53368.70818033203
1567,53368.70818033203
1568,53368.70818033203
1569,53368.70818033203
1570,53368.70818033203
1571,53368.70818033203
1572,53368.70818033203
1573,53368.70818033203
1574,53368.70818033203
1575,53368.70818033203
1576,53368.70818033203
1577,53368.70818033203
1578,53342.03716175116
1579,56104.80480123397
1580,58290.2198765044
1581,64198.89111077608
1582,64385.95641530155
1583,66619.12533107091
1584,76008.07841099496
1585,81791.32878069591
1586,82757.28786821959
1587,76024.65034085269
1588,77787.05611577156
1589,76986.67245056557
1590,81458.3402437602
1591,71528.68707827161
1592,79021.11554447134
1593,76140.93506256111
1594,75238.03301832716
1595,76668.15655797711
1596,73176.20765515619
1597,72247.0481924601
1598,74053.40816650052
1599,79223.07204247895
1600,73955.31691575171
1601,73955.31691575171
1602,73955.31691575171
1603,73955.31691575171
1604,73955.31691575171
1605,73955.31691575171
1606,73955.31691575171
1607,73955.31691575171
1608,73955.31691575171
1609,73955.31691575171
1610,73955.31691575171
1611,73955.31691575171
1612,73955.31691575171
1613,73955.31691575171
1614,73955.31691575171
1615,73955.31691575171
1616,73955.31691575171
1617,73955.31691575171
1618,73955.31691575171
1619,73955.31691575171
1620,73955.31691575171
1621,73955.31691575171
1622,73955.31691575171
1623,73955.31691575171
1624,73955.31691575171
1625,73955.31691575171
1626,73955.31691575171
1627,73955.31691575171
1628,73955.31691575171
1629,73955.31691575171
1630,73955.31691575171
1631,73955.31691575171
1632,73955.31691575171
1633,73955.31691575171
1634,73918.35773688328
1635,72469.02754721486
1636,71176.18164830137
1637,63035.81174864948
1638,64030.610872307596
1639,64030.610872307596
1640,64030.610872307596
1641,64030.610872307596
1642,64030.610872307596
1643,64030.610872307596
1644,64030.610872307596
1645,64030.610872307596
1646,64030.610872307596
1647,64030.610872307596
1648,64030.610872307596
1649,64030.610872307596
1650,64030.610872307596
1651,64030.610872307596
1652,64030.610872307596
1653,64030.610872307596
1654,64030.610872307596
1655,64030.610872307596
1656,64030.610872307596
1657,64030.610872307596
1658,64030.610872307596
1659,64030.610872307596
1660,64030.610872307596
1661,64030.610872307596
1662,64030.610872307596
1663,64030.610872307596
1664,64030.610872307596
1665,63998.611566524334
1666,63823.81962431359
1667,59117.656599372545
1668,59420.84252695686
1669,59420.84252695686
1670,59420.84252695686
1671,59420.84252695686
1672,59420.84252695686
1673,59420.84252695686
1674,59391.14695348012
1675,68306.82779763555
1676,70725.45002240755
1677,62742.43816970095
1678,60167.05664597063
1679,63628.0091142314
1680,63128.83150620378
1681,66597.32805856704
1682,65184.429490881565
1683,62433.14357344794
1684,62883.01260225203
1685,62557.15614958995
1686,60850.967925009056
1687,60215.07905345367
1688,54181.50104817093
1689,58104.28812770491
1690,58104.28812770491
1691,58104.28812770491
1692,58104.28812770491
1693,58104.28812770491
1694,58104.28812770491
1695,58104.28812770491
1696,58104.28812770491
1697,58104.28812770491
1698,58104.28812770491
1699,58104.28812770491
1700,58104.28812770491
1701,58104.28812770491
1702,58104.28812770491
1703,58104.28812770491
1704,58104.28812770491
1705,58104.28812770491
1706,58104.28812770491
1707,58104.28812770491
1708,58104.28812770491
1709,58104.28812770491
1710,58104.28812770491
1711,58104.28812770491
1712,58104.28812770491
1713,58104.28812770491
1714,58104.28812770491
1715,58075.25050245369
1716,61495.35490316444
1717,61465.395373650696
1718,75641.20677160283
1719,113087.78784209682
1720,148092.54930631706
1721,117929.43653296366
1722,124237.21495554638
1723,124288.87745132206
1724,116316.57587717257
1725,118178.07703774702
1726,125199.45842709414
1727,134268.93930650683
1728,137505.2761994128
1729,162592.7256891621
1730,149299.65885373307
1731,152283.81671474775
1732,154619.48050778382
1733,145783.07061387962
1734,145439.83348441112
1735,154067.4702789479
1736,147266.42117752077
1737,141086.50153443762
1738,132316.85185196958
1739,134344.89968842355
1740,134082.3409770157
1741,135765.5233717771
1742,135765.5233717771
1743,135765.5233717771
1744,135765.5233717771
1745,135765.5233717771
1746,135765.5233717771
1747,135765.5233717771
1748,135765.5233717771
1749,135765.5233717771
1750,135765.5233717771
1751,135765.5233717771
1752,135765.5233717771
1753,135765.5233717771
1754,135765.5233717771
1755,135765.5233717771
1756,135765.5233717771
1757,135765.5233717771
1758,135765.5233717771
1759,135765.5233717771
1760,135765.5233717771
1761,135765.5233717771
1762,135765.5233717771
1763,135765.5233717771
1764,135765.5233717771
1765,135765.5233717771
1766,135765.5233717771
1767,135765.5233717771
1768,135765.5233717771
1769,135765.5233717771
1770,135765.5233717771
1771,135765.5233717771
1772,135765.5233717771
1773,135765.5233717771
1774,135765.5233717771
1775,135765.5233717771
1776,135765.5233717771
1777,135765.5233717771
1778,135765.5233717771
1779,135765.5233717771
1780,135765.5233717771
1781,135765.5233717771
1782,135765.5233717771
1783,135765.5233717771
1784,135765.5233717771
1785,135765.5233717771
1786,135765.5233717771
1787,135765.5233717771
1788,135765.5233717771
1789,135765.5233717771
1790,135765.5233717771
1791,135765.5233717771
1792,135765.5233717771
1793,135765.5233717771
1794,135765.5233717771
1795,135765.5233717771
1796,135765.5233717771
1797,135765.5233717771
1798,135765.5233717771
1799,135765.5233717771
1800,135765.5233717771
1801,135765.5233717771
1802,135765.5233717771
1803,135765.5233717771
1804,135765.5233717771
1805,135765.5233717771
1806,135765.5233717771
1807,135765.5233717771
1808,135765.5233717771
1809,135765.5233717771
1810,135765.5233717771
1811,135765.5233717771
1812,135765.5233717771
1813,135765.5233717771
1814,135765.5233717771
1815,135765.5233717771
1816,135765.5233717771
1817,135765.5233717771
1818,135765.5233717771
1819,135765.5233717771
1820,135765.5233717771
1821,135765.5233717771
1822,135765.5233717771
1823,135765.5233717771
1824,135765.5233717771
1825,135765.5233717771
1826,135765.5233717771
1827,135697.67453450983
1828,143748.6428889983
1829,145675.43985554585
1830,146301.8276113303
1831,136303.8075856994
1832,134019.95585337997
1833,136176.6612200273
1834,136065.84400721415
1835,128776.28201533895
1836,132518.40132695003
1837,126616.79575545299
1838,130379.21872921936
1839,128732.28391918124
1859,10000.0
1860,10000.0
1861,10000.0
1862,10000.0
1863,10000.0
1864,10000.0
1865,10000.0
1866,10000.0
1867,10000.0
1868,10000.0
1869,10000.0
1870,10000.0
1871,10000.0
1872,10000.0
1873,10000.0
1874,10000.0
1875,10000.0
1876,10000.0
1877,10000.0
1878,10000.0
1879,10000.0
1880,10000.0
1881,10000.0
1882,10000.0
1883,10000.0
1884,10000.0
1885,10000.0
1886,10000.0
1887,10000.0
1888,10000.0
1889,9995.002498750626
1890,10603.249267090545
1891,10370.524798611279
1892,10429.0409318092
1893,10174.773176990482
1894,10313.473970806383
1895,10451.6238947943
1896,9900.321323764467
1897,10182.788228910997
1898,10147.231544944409
1899,10126.765034120763
1900,9913.081230139183
1901,10005.28829000159
1902,10046.373483424497
1903,10029.505995074222
1904,9938.907917388693
1905,9938.907917388693
1906,9938.907917388693
1907,9938.907917388693
1908,9938.907917388693
1909,9938.907917388693
1910,9938.907917388693
1911,9938.907917388693
1912,9938.907917388693
1913,9938.907917388693
1914,9933.940946915236
1915,9979.99702032737
1916,10122.224840309134
1917,10138.390083404436
1918,10149.189653264566
1919,10188.363827298135
1920,10040.795196912984
1921,10005.972188826587
1922,9999.45344264793
1923,10057.372297389202
1924,10006.141707912731
1925,9956.077047150624
1926,10007.644626036208
1927,10158.692471850836
1928,10103.596992454271
1929,10170.804495313081
1930,10136.737090857052
1931,10136.727608098065
1932,11991.434004964876
1933,13617.286076112572
1934,15417.757424759166
1935,18013.059011702353
1936,17489.85340349068
1937,16755.92964660528
1938,16651.507424664473
1939,14834.024448312903
1940,14051.393041224479
1941,14721.720012295722
1942,13589.827778479194
1943,13913.190810223357
1944,13994.971238719361
1945,14041.806346081907
1946,13593.445643465566
1947,13813.076851231579
1948,13683.338109047458
1949,13683.338109047458
1950,13683.338109047458
1951,13683.338109047458
1952,13683.338109047458
1953,13683.338109047458
1954,13683.338109047458
1955,13683.338109047458
1956,13683.338109047458
1957,13683.338109047458
1958,13683.338109047458
1959,13683.338109047458
1960,13683.338109047458
1961,13683.338109047458
1962,13683.338109047458
1963,13683.338109047458
1964,13683.338109047458
1965,13683.338109047458
1966,13683.338109047458
1967,13683.338109047458
1968,13683.338109047458
1969,13683.338109047458
1970,13683.338109047458
1971,13683.338109047458
1972,13683.338109047458
1973,13676.4998591179
1974,14141.178729187219
1975,15741.970855424264
1976,16974.296695478468
1977,16257.002888330191
1978,15199.997234423572
1979,15421.658491248116
1980,16309.458467960536
1981,15605.268254625855
1982,15837.247840154396
1983,15078.99280953057
1984,15193.125707892144
1985,15366.080227872986
1986,15346.240270021712
1987,15868.419743633991
1988,16117.012484923505
1989,16154.501458449457
1990,16045.626794177544
1991,16719.27332877092
1992,17657.342111890866
1993,17543.309347646846
1994,17434.094798496168
1995,16410.10905343994
1996,15606.996831986055
1997,15754.839863872261
1998,15839.82421428439
1999,15952.363136464672
2000,15952.363136464672
2001,15952.363136464672
2002,15952.363136464672
2003,15952.363136464672
2004,15952.363136464672
2005,15952.363136464672
2006,15952.363136464672
2007,15952.363136464672
2008,15952.363136464672
2009,15952.363136464672
2010,15952.363136464672
2011,15944.390940994175
2012,16102.087020252153
2013,16418.71224461999
2014,16706.685375477144
2015,16835.306079304177
2016,17159.623039501177
2017,17283.536259593922
2018,17216.221958303915
2019,16961.100129464285
2020,17778.21751728113
2021,17347.485138897515
2022,16597.503344179215
2023,16495.781261064643
2024,16321.411966909445
2025,16879.20836083766
2026,16440.151797650997
2027,16431.93582973613
2028,15072.144876948412
2029,15440.438182499547
2030,15123.571943291556
2031,15082.459466669497
2032,14550.26880592505
2033,13781.079333415799
2034,14194.364034327516
2035,13799.258173029382
2036,13799.258173029382
2037,13799.258173029382
2038,13799.258173029382
2039,13799.258173029382
2040,13799.258173029382
2041,13799.258173029382
2042,13799.258173029382
2043,13799.258173029382
2044,13799.258173029382
2045,13799.258173029382
2046,13799.258173029382
2047,13799.258173029382
2048,13799.258173029382
2049,13799.258173029382
2050,13799.258173029382
2051,13799.258173029382
2052,13799.258173029382
2053,13799.258173029382
2054,13799.258173029382
2055,13799.258173029382
2056,13799.258173029382
2057,13799.258173029382
2058,13792.361992033366
2059,13180.40623142132
2060,13428.920597841327
2061,13081.754158762269
2062,12975.173874418411
2063,12698.019914906785
2064,12946.961890759136
2065,12859.989786829832
2066,12859.989786829832
2067,12859.989786829832
2068,12859.989786829832
2069,12859.989786829832
2070,12859.989786829832
2071,12859.989786829832
2072,12859.989786829832
2073,12859.989786829832
2074,12859.989786829832
2075,12859.989786829832
2076,12859.989786829832
2077,12859.989786829832
2078,12859.989786829832
2079,12859.989786829832
2080,12859.989786829832
2081,12859.989786829832
2082,12859.989786829832
2083,12859.989786829832
2084,12859.989786829832
2085,12859.989786829832
2086,12859.989786829832
2087,12859.989786829832
2088,12859.989786829832
2089,12859.989786829832
2090,12859.989786829832
2091,12859.989786829832
2092,12859.989786829832
2093,12859.989786829832
2094,12859.989786829832
2095,12859.989786829832
2096,12859.989786829832
2097,12859.989786829832
2098,12859.989786829832
2099,12859.989786829832
2100,12859.989786829832
2101,12859.989786829832
2102,12853.563005327169
2103,12809.700832933364
2104,12635.649628744224
2105,12227.06008853856
2106,12256.418255442886
2107,11753.869605795882
2108,10531.899548899484
2109,10381.695923978185
2110,10381.695923978185
2111,10381.695923978185
2112,10381.695923978185
2113,10381.695923978185
2114,10381.695923978185
2115,10381.695923978185
2116,10381.695923978185
2117,10381.695923978185
2118,10381.695923978185
2119,10381.695923978185
2120,10381.695923978185
2121,10381.695923978185
2122,10381.695923978185
2123,10381.695923978185
2124,10376.507670143114
2125,10434.63009743418
2126,10412.446329595095
2127,10891.0637836116
2128,11326.871986711352
2129,11167.279363516916
2130,11602.859512559507
2131,12258.904197326046
2132,12041.355782486185
2133,12204.529036489183
2134,12150.312265413833
2135,12345.251451919781
2136,11416.137179206364
2137,11101.897298789394
2138,11295.301121525124
2139,11941.755516602252
2140,11665.628815416463
2141,11809.133878951974
2142,11775.450574361374
2143,11813.161233712875
2144,11642.741545006073
2145,11638.459255787619
2146,11704.538367431262
2147,11684.060694638354
2148,11684.060694638354
2149,11684.060694638354
2150,11684.060694638354
2151,11684.060694638354
2152,11678.22158384643
2153,11367.397836180673
2154,11624.305032308419
2155,11890.487146796975
2156,11632.719545433347
2157,11676.35003777644
2158,11558.646679098332
2159,11484.496785922109
2160,11383.357132948293
2161,11437.64554652698
2162,11346.105153197574
2163,11033.356326516803
2164,11033.356326516803
2165,11033.356326516803
2166,11033.356326516803
2167,11033.356326516803
2168,11033.356326516803
2169,11033.356326516803
2170,11033.356326516803
2171,11033.356326516803
2172,11033.356326516803
2173,11033.356326516803
2174,11033.356326516803
2175,11033.356326516803
2176,11033.356326516803
2177,11033.356326516803
2178,11033.356326516803
2179,11033.356326516803
2180,11033.356326516803
2181,11033.356326516803
2182,11033.356326516803
2183,11033.356326516803
2184,11033.356326516803
2185,11033.356326516803
2186,11033.356326516803
2187,11033.356326516803
2188,11033.356326516803
2189,11033.356326516803
2190,11033.356326516803
2191,11033.356326516803
2192,11033.356326516803
2193,11033.356326516803
2194,11033.356326516803
2195,11033.356326516803
2196,11033.356326516803
2197,11033.356326516803
2198,11033.356326516803
2199,11033.356326516803
2200,11033.356326516803
2201,11033.356326516803
2202,11033.356326516803
2203,11033.356326516803
2204,11033.356326516803
2205,11033.356326516803
2206,11033.356326516803
2207,11033.356326516803
2208,11033.356326516803
2209,11033.356326516803
2210,11027.842405314146
2211,11903.374959885501
2212,12119.347580025791
2213,11970.727128053863
2214,11282.487291730216
2215,11101.411153131108
2216,11591.638014590297
2217,11384.169365985457
2218,11714.451525399661
2219,11601.627485937819
2220,12154.05233484651
2221,11655.364789379124
2222,11538.108787009738
2223,12251.867197865906
2224,12336.282218916349
2225,11834.29387627073
2226,11681.854889468244
2227,11693.53280136748
2228,11432.818273063944
2229,11152.620530925182
2230,11152.620530925182
2231,11152.620530925182
2232,11152.620530925182
2233,11152.620530925182
2234,11152.620530925182
2235,11152.620530925182
2236,11147.047007421472
2237,10933.101071379755
2238,11063.1538172237
2239,11275.26085487408
2240,11144.515979922326
2241,11434.329258665259
2242,11793.767031662715
2243,12118.499691451276
2244,12646.743587278017
2245,14427.537165580232
2246,14764.005535502465
2247,13640.55673877669
2248,13889.102520928318
2249,14126.869510810098
2250,13821.376612263972
2251,14296.203832299529
2252,13335.723596214682
2253,12672.371635671323
2254,12389.002381998187
2255,12969.095024354236
2256,11980.001314074392
2257,11980.001314074392
2258,11980.001314074392
2259,11980.001314074392
2260,11980.001314074392
2261,11980.001314074392
2262,11980.001314074392
2263,11980.001314074392
2264,11980.001314074392
2265,11980.001314074392
2266,11980.001314074392
2267,11980.001314074392
2268,11980.001314074392
2269,11980.001314074392
2270,11980.001314074392
2271,11980.001314074392
2272,11980.001314074392
2273,11980.001314074392
2274,11980.001314074392
2275,11980.001314074392
2276,11980.001314074392
2277,11980.001314074392
2278,11980.001314074392
2279,11980.001314074392
2280,11980.001314074392
2281,11980.001314074392
2282,11980.001314074392
2283,11980.001314074392
2284,11980.001314074392
2285,11980.001314074392
2286,11980.001314074392
2287,11980.001314074392
2288,11980.001314074392
2289,11980.001314074392
2290,11980.001314074392
2291,11980.001314074392
2292,11980.001314074392
2293,11974.014306920932
2294,11780.166381701747
2295,11418.612133760174
2296,12132.832912955673
2297,11999.632180506163
2298,12368.861129555335
2299,12471.10447669953
2319,9995.002498750626
2320,10175.730427645829
2321,10452.257870351175
2322,10644.975156437073
2323,11974.988294989476
2324,11705.51454046524
2325,11626.021943287835
2326,12511.940972832908
2327,12142.846410103828
2328,12396.61162763701
2329,12672.21385472635
2330,12478.256674078479
2331,12333.05650631853
2332,12349.070400546583
2333,12572.064832335791
2334,13241.160707877147
2335,13048.593434294908
2336,12989.929324164756
2337,12225.236852616994
2338,11993.487038819918
2339,12242.649599681354
2340,12531.340485652576
2341,12795.65341897179
2342,12449.487670846529
2343,12443.266037827616
2344,12569.846052493338
2345,12596.021369921407
2346,12570.727604627897
2347,12420.122674002927
2348,12301.468489289406
2349,12301.468489289406
2350,12301.468489289406
2351,12301.468489289406
2352,12301.468489289406
2353,12301.468489289406
2354,12301.468489289406
2355,12301.468489289406
2356,12295.320828874968
2357,12697.68030585891
2358,12403.430663781628
2359,12850.82402859651
2360,12435.799793206948
2361,12539.475196897272
2362,12772.595599468761
2363,12603.223225838927
2364,12561.710287782158
2365,12653.509611290523
2366,12547.308785007139
2367,12471.492777429215
2368,12547.243412412903
2369,11906.6295192706
2370,12230.23766938414
2371,12230.23766938414
2372,12230.23766938414
2373,12230.23766938414
2374,12230.23766938414
2375,12230.23766938414
2376,12230.23766938414
2377,12230.23766938414
2378,12230.23766938414
2379,12230.23766938414
2380,12230.23766938414
2381,12230.23766938414
2382,12230.23766938414
2383,12230.23766938414
2384,12230.23766938414
2385,12230.23766938414
2386,12230.23766938414
2387,12230.23766938414
2388,12230.23766938414
2389,12230.23766938414
2390,12230.23766938414
2391,12230.23766938414
2392,12230.23766938414
2393,12230.23766938414
2394,12230.23766938414
2395,12224.12560658085
2396,18793.440624218067
2397,17396.731951012283
2398,13907.137360312212
2399,15078.647725245713
2400,14361.124370637835
2401,12572.431008663369
2402,13034.6761869245
2403,12206.993062943106
2404,11849.660386037005
2405,12110.17013669387
2406,13739.82527031981
2407,13380.848056455841
2408,12816.7591650049
2409,13075.21946970413
2410,12998.461864793675
2411,13036.015241815821
2412,12732.430785914972
2413,12732.430785914972
2414,12732.430785914972
2415,12732.430785914972
2416,12732.430785914972
2417,12732.430785914972
2418,12732.430785914972
2419,12732.430785914972
2420,12726.067752038953
2421,11509.65790622606
2422,11691.808612299708
2423,12194.889318716205
2424,12119.201457892346
2425,12282.247467720119
2426,12188.382594756544
2427,12108.730050377246
2428,11948.014190682348
2429,12073.454698978108
2430,11710.830585033103
2431,12021.567908859173
2432,12132.236374056572
2433,12285.061659283536
2434,12211.281132206963
2435,12156.541849275403
2436,12389.517302865768
2437,12123.552673944714
2438,11812.786872397162
2439,11934.517690054094
2440,11700.560836331158
2441,11700.560836331158
2442,11700.560836331158
2443,11700.560836331158
2444,11700.560836331158
2445,11700.560836331158
2446,11700.560836331158
2447,11700.560836331158
2448,11700.560836331158
2449,11700.560836331158
2450,11700.560836331158
2451,11700.560836331158
2452,11700.560836331158
2453,11700.560836331158
2454,11700.560836331158
2455,11700.560836331158
2456,11700.560836331158
2457,11700.560836331158
2458,11700.560836331158
2459,11700.560836331158
2460,11700.560836331158
2461,11700.560836331158
2462,11700.560836331158
2463,11700.560836331158
2464,11700.560836331158
2465,11700.560836331158
2466,11700.560836331158
2467,11700.560836331158
2468,11700.560836331158
2469,11700.560836331158
2470,11700.560836331158
2471,11700.560836331158
2472,11700.560836331158
2473,11700.560836331158
2474,11700.560836331158
2475,11700.560836331158
2476,11700.560836331158
2477,11700.560836331158
2478,11700.560836331158
2479,11700.560836331158
2480,11700.560836331158
2481,11700.560836331158
2482,11700.560836331158
2483,11700.560836331158
2484,11700.560836331158
2485,11700.560836331158
2486,11700.560836331158
2487,11700.560836331158
2488,11700.560836331158
2489,11700.560836331158
2490,11700.560836331158
2491,11700.560836331158
2492,11694.713479591363
2493,11528.249252780877
2494,11537.04276384235
2495,11342.535549019902
2496,11421.78199259933
2497,11421.78199259933
2498,11421.78199259933
2499,11421.78199259933
2500,11421.78199259933
2501,11421.78199259933
2502,11421.78199259933
2503,11416.07395562152
2504,11410.035758659838
2505,11442.98706207929
2506,11552.494076977184
2507,11544.385641057213
2508,11192.186238278093
2509,11130.380979377469
2510,11201.11768044394
2511,11201.11768044394
2512,11201.11768044394
2513,11201.11768044394
2514,11201.11768044394
2515,11201.11768044394
2516,11201.11768044394
2517,11201.11768044394
2518,11195.519920483699
2519,11363.032679789392
2520,11190.699107841017
2521,11542.324989987203
2522,11607.510760938241
2523,11649.640471424284
2524,11827.549417994194
2525,11624.44648535253
2526,11634.549231847193
2527,12097.263405324731
2528,12307.241235995958
2529,12194.643820706895
2530,12203.111682914041
2531,12510.386088747555
2532,14699.663830173939
2533,13956.462201112217
2534,15292.33034445419
2535,17621.78893350776
2536,15622.451210203024
2537,13623.281167338033
2538,13729.71632646645
2539,14273.252471901287
2540,14453.131663638209
2541,14885.369917192013
2542,13979.099060477853
2543,14145.354216485455
2544,14368.57880189657
2545,13825.713378220713
2546,14239.716383952202
2547,14204.210050836105
2548,14004.078562307117
2549,14004.078562307117
2550,14004.078562307117
2551,14004.078562307117
2552,14004.078562307117
2553,14004.078562307117
2554,14004.078562307117
2555,14004.078562307117
2556,14004.078562307117
2557,14004.078562307117
2558,13997.08002229597
2559,14479.010693233618
2560,14736.18799333763
2561,17355.28341892629
2562,17966.234308418967
2563,16916.80981985796
2564,14139.15987902934
2565,17151.883307068165
2566,17195.22779584974
2567,16863.70813013854
2568,17066.507798862032
2569,17231.85482706257
2570,16836.688189079898
2571,17396.00096899383
2572,17571.405419699528
2573,21334.345016770792
2574,39833.81035644292
2575,36666.5103489311
2576,36654.013626191474
2577,37228.97545530187
2578,39273.259162563794
2579,36561.13257880239
2580,36951.157922444734
2581,38256.33365866499
2582,37000.76953644407
2583,33153.95553900328
2584,30258.093356043086
2585,32335.176269534528
2586,35263.762603332405
2587,35159.810885648454
2588,34768.09679568994
2589,34024.523028834425
2590,34417.025200407144
2591,34143.44829718838
2592,33983.4300329331
2593,33983.4300329331
2594,33983.4300329331
2595,33983.4300329331
2596,33983.4300329331
2597,33983.4300329331
2598,33983.4300329331
2599,33983.4300329331
2600,33966.44680952834
2601,46999.51996971113
2602,28079.10582079823
2603,37068.401554328426
2604,34754.84847296825
2605,31411.944498991175
2606,36992.483313453646
2607,53106.22461269899
2608,46773.45940578314
2609,57396.821030129424
2610,78511.09096568644
2611,78554.26211552492
2612,69828.80668485106
2613,72645.83383384508
2614,69436.43953077892
2615,69827.77025835449
2616,66221.2053630301
2617,62322.08915776607
2618,56396.42031994114
2619,53336.35115749819
2620,49205.97232454449
2621,59336.70249691351
2622,54922.40292659825
2623,54922.40292659825
2624,54922.40292659825
2625,54922.40292659825
2626,54922.40292659825
2627,54922.40292659825
2628,54922.40292659825
2629,54922.40292659825
2630,54922.40292659825
2631,54922.40292659825
2632,54922.40292659825
2633,54922.40292659825
2634,54922.40292659825
2635,54922.40292659825
2636,54922.40292659825
2637,54922.40292659825
2638,54922.40292659825
2639,54894.95544887382
2640,51393.821719373285
2641,49626.635534924004
2642,49550.34882562579
2643,49046.20435447895
2644,55322.68915288412
2645,51919.88898280771
2646,50586.95840015518
2647,51933.623957765565
2648,51088.01914789212
2649,50848.445739530354
2650,51686.3589634274
2651,52246.63074514398
2652,50716.84695688571
2653,48702.98062219324
2654,47457.06775185438
2655,45791.43099399013
2656,45791.43099399013
2657,45791.43099399013
2658,45791.43099399013
2659,45791.43099399013
2660,45791.43099399013
2661,45791.43099399013
2662,45791.43099399013
2663,45791.43099399013
2664,45768.54672062981
2665,44292.0959010897
2666,45562.11759595049
2667,47381.49252852392
2668,51161.39648292399
2669,46851.72021401121
2670,48784.7152988372
2671,48959.252996918505
2672,50674.60377892107
2673,59249.89725526188
2674,56168.6520701164
2675,74168.35420882519
2676,96450.02406237664
2677,144620.58731644638
2678,290396.13955324754
2679,225552.42416300307
2680,254365.7407459979
2681,323293.80495127477
2682,253591.34579142762
2683,243610.26584870802
2684,207133.402943365
2685,197245.3224644207
2686,214471.2408083024
2687,199310.17724812002
2688,214838.11920841207
2689,216039.65132634045
2690,256910.62579082767
2691,242217.19467984294
2692,267926.9627156364
2693,311919.60621685296
2694,298473.0362276048
2695,350588.7784923341
2696,429664.6501931225
2697,521972.3922590982
2698,460992.1350909983
2699,543517.0431480869
2700,505150.65687107795
2701,452472.90163109894
2702,357142.4428468105
2703,393071.643125159
2704,305878.3239041972
2705,389216.63795660506
2706,444165.80409919505
2707,403184.50339535676
2708,408679.51208043424
2709,387246.40975028294
2710,377899.12627264694
2711,264272.52769363817
2712,264272.52769363817
2713,264272.52769363817
2714,264272.52769363817
2715,264272.52769363817
2716,264272.52769363817
2717,264272.52769363817
2718,264272.52769363817
2719,264272.52769363817
2720,264272.52769363817
2721,264272.52769363817
2722,264272.52769363817
2723,264272.52769363817
2724,264272.52769363817
2725,264272.52769363817
2726,264272.52769363817
2727,264140.45746490575
2728,261230.9804291537
2729,260971.05315610455
2730,232363.6534545421
2731,230002.8649797319
2732,240983.66922750583
2733,228950.72851838463
2734,228950.72851838463
2735,228950.72851838463
2736,228950.72851838463
2737,228950.72851838463
2738,228950.72851838463
2739,228950.72851838463
2740,228950.72851838463
2741,228950.72851838463
2742,228950.72851838463
2743,228950.72851838463
2744,228950.72851838463
2745,228950.72851838463
2746,228950.72851838463
2747,228950.72851838463
2748,228950.72851838463
2749,228950.72851838463
2750,228950.72851838463
2751,228950.72851838463
2752,228950.72851838463
2753,228950.72851838463
2754,228950.72851838463
2755,228950.72851838463
2756,228950.72851838463
2757,228950.72851838463
2758,228950.72851838463
2759,228950.72851838463
